company_name,isin,symbol
3M India Ltd.,INE470A01017,3MINDIA.NS
Aarti Drugs Ltd,INE767A01016,AARTIDRUGS.NS
Aarti Industries Ltd,INE769A01020,AARTIIND.NS
Aavas Financiers Ltd,INE216P01012,AAVAS.NS
ABB India Ltd,INE117A01022,ABB.NS
ABB Power Products and Systems India,INE07Y701011,POWERINDIA.NS
ACC Ltd,INE012A01025,ACC.NS
Accelya Solutions India Ltd,INE793A01012,ACCELYA.NS
Adani Enterprises Ltd,INE423A01024,ADANIENT.NS
Adani Gas Ltd,INE399L01023,ATGL.NS
Adani Green Energy Ltd,INE364U01010,ADANIGREEN.NS
Adani Ports and Special Economic Zone,INE742F01042,ADANIPORTS.NS
Adani Power Ltd,INE814H01011,ADANIPOWER.NS
Adani Transmission Ltd,INE931S01010,ADANITRANS.NS
Aditya Birla Capital Ltd,INE674K01013,ABCAPITAL.NS
Aditya Birla Fashion and Retail Ltd,INE647O01011,ABFRL.NS
Advanced Enzyme Technologies Ltd,INE837H01020,ADVENZYMES.NS
Aegis Logistics Ltd,INE208C01025,AEGISCHEM.NS
Affle India Ltd,INE00WC01019,AFFLE.NS
Ahluwalia Contracts (India),INE758C01029,AHLUCONT.NS
AIA Engineering Ltd,INE212H01026,AIAENG.NS
Ajanta Pharma Ltd,INE031B01049,AJANTPHARM.NS
Akzo Nobel India Ltd,INE133A01011,AKZOINDIA.NS
Alembic Pharmaceuticals Ltd,INE901L01018,APLLTD.NS
Alkem Laboratories Ltd,INE540L01014,ALKEM.NS
Alkyl Amines Chemicals Ltd,INE150B01021,ALKYLAMINE.NS
Allcargo Logistics Ltd,INE418H01029,ALLCARGO.NS
Amara Raja Batteries Ltd,INE885A01032,AMARAJABAT.NS
Amber Enterprises India Ltd,INE371P01015,AMBER.NS
Ambuja Cements Ltd.,INE079A01024,AMBUJACEM.NS
Apar Industries Ltd,INE372A01015,APARINDS.BO
APL Apollo Tubes Ltd,INE702C01019,APLAPOLLO.BO
Apollo Hospitals Enterprises Ltd.,INE437A01024,APOLLOHOSP.NS
Apollo Tyres Ltd,INE438A01022,APOLLOTYRE.NS
Arvind Fashions Ltd,INE955V01021,ARVINDFASN.NS
Asahi India Glass Ltd,INE439A01020,ASAHIINDIA.NS
Ashok Leyland Ltd.,INE208A01029,ASHOKLEY.NS
Ashoka Buildcon Ltd,INE442H01029,ASHOKA.NS
Asian Paints Ltd.,INE021A01026,ASIANPAINT.NS
Aster DM Healthcare Ltd,INE914M01019,ASTERDM.NS
Astral Poly Technik Ltd,INE006I01046,ASTRAL.NS
AstraZeneca Pharma India Ltd.,INE203A01020,ASTRAZEN.NS
Atul Ltd,INE100A01010,ATULAUTO.NS
AU Small Finance Bank Ltd,INE949L01017,AUBANK.NS
Aurobindo Pharma Ltd.,INE406A01037,AUROPHARMA.NS
Avanti Feeds Ltd,INE871C01038,AVANTIFEED.NS
Avenue Supermarts Ltd,INE192R01011,DMART.NS
AXIS Bank Ltd,INE238A01034,AXISBANK.NS
Bajaj Auto Ltd,INE917I01010,BAJAJ-AUTO.NS
Bajaj Consumer Care,INE933K01021,BAJAJCON.NS
Bajaj Electricals Ltd.,INE193E01025,BAJAJELEC.NS
Bajaj Finance Ltd,INE296A01024,BAJFINANCE.NS
Bajaj Finserv Ltd,INE918I01018,BAJAJFINSV.NS
Bajaj Holdings & Investment Ltd,INE118A01012,BAJAJHLDNG.BO
Balkrishna Industries Ltd.,INE787D01026,BALKRISIND.NS
Balmer Lawrie & Company,INE164A01016,BALMLAWRIE.NS
Balrampur Chini Mills Ltd.,INE119A01028,BALMLAWRIE.NS
Bandhan Bank Ltd,INE545U01014,BANDHANBNK.NS
Bank of Baroda Ltd,INE028A01039,BANKBARODA.NS
Bank of India Ltd,INE084A01016,BANKINDIA.NS
Bank of Maharashtra Ltd,INE457A01014,MAHABANK.NS
BASF India Ltd,INE373A01013,BASF.NS
Bata India Ltd,INE176A01028,BATAINDIA.NS
BEML Ltd,INE258A01016,BEML.NS
Berger Paints India Ltd,INE463A01038,BERGEPAINT.NS
Bharat Dynamics Ltd,INE171Z01018,BDL.NS
Bharat Electronics Ltd,INE263A01024,BEL.NS
Bharat Forge Ltd,INE465A01025,BHARATFORG.NS
Bharat Heavy Electricals Ltd.,INE257A01026,BHEL.NS
Bharat Petroleum Corporation,INE029A01011,BPCL.NS
Bharat Rasayan,INE838B01013,BHARATRAS.NS
Bharti Airtel Ltd.,INE397D01024,BHARTIARTL.NS
Bharti Infratel Ltd,INE121J01017,INDUSTOWER.NS
Biocon Ltd.,INE376G01013,BIOCON.NS
Birla Corporation Ltd,INE340A01012,BIRLACORPN.NS
BIRLASOFT LIMITED,INE836A01035,BSOFT.NS
Blue Dart Express Ltd.,INE233B01017,BLUEDART.NS
Blue Star Ltd,INE472A01039,BLUESTARCO.BO
Bombay Burmah Trading Corporation Ltd,INE050A01025,BBTC.NS
Bosch Ltd,INE323A01026,BOSCHLTD.NS
Brigade Enterprises Ltd,INE791I01019,BRIGADE.NS
Britannia Industries Ltd,INE216A01030,BRITANNIA.NS
BSE Ltd,INE118H01025,BSE.NS
Cadila Healthcare Ltd.,INE010B01027,ZYDUSLIFE.NS
Can Fin Homes Ltd,INE477A01020,CANFINHOME.NS
Canara Bank Ltd,INE476A01014,CANBK.NS
Caplin Point Laboratories Ltd,INE475E01026,CAPLIPOINT.NS
Capri Global Capital Ltd,INE180C01026,CGCL.NS
Carborundum Universal Ltd,INE120A01034,CARBORUNIV.NS
Castrol India Ltd,INE172A01027,CASTROLIND.NS
CCL Products India Ltd,INE421D01022,CCL.NS
CEAT Ltd,INE482A01020,CEATLTD.NS
Central Bank of India Ltd,INE483A01010,CENTRALBK.NS
Central Depository Services India Ltd,INE736A01011,CDSL.NS
Century Plyboards (India),INE348B01021,CENTURYPLY.NS
Century Textiles & Industries Ltd.,INE055A01016,CENTURYTEX.BO
Cera Sanitaryware Ltd,INE739E01017,CERA.NS
CESC Ltd,INE486A01013,CESC.NS
Chalet Hotels Ltd,INE427F01016,CHALET.NS
Chambal Fertilizers & Chemicals,INE085A01013,CHAMBLFERT.NS
Cholamandalam Financial Holdings Ltd,INE149A01033,CHOLAHLDNG.NS
Cholamandalam Investment and Finance Company Ltd,INE121A01024,CHOLAFIN.NS
Cipla Ltd.,INE059A01026,CIPLA.NS
City Union Bank Ltd,INE491A01021,CUB.NS
Coal India Ltd,INE522F01014,COALINDIA.NS
Cochin Shipyard Ltd,INE704P01017,COCHINSHIP.NS
Colgate Palmolive (India),INE259A01022,COLPAL.NS
Container Corporation of India Ltd,INE111A01025,CONCOR.NS
Coromandel International Ltd,INE169A01031,COROMANDEL.NS
CREDITACCESS GRAMEEN LIMITED,INE741K01010,CREDITACC.NS
CRISIL Ltd.,INE007A01025,CRISIL.NS
Crompton Greaves Consumer Electricals Ltd,INE299U01018,CROMPTON.NS
CSB Bank,INE679A01013,CSBBANK.NS
Cummins India Ltd,INE298A01020,CUMMINSIND.NS
Cyient Ltd-B,INE136B01020,CYIENT.NS
D.B.Corp Ltd,INE950I01011,DBCORP.NS
Dabur India Ltd.,INE016A01026,DABUR.NS
Dalmia Bharat Ltd B,INE00R701025,DALBHARAT.NS
DCB Bank,INE503A01015,DCBBANK.NS
DCM Shriram Consolidated,INE499A01024,DCMSHRIRAM.NS
Deepak Nitrite Ltd,INE288B01029,DEEPAKNTR.NS
Delta Corp Ltd,INE124G01033,DELTACORP.NS
Den Networks Ltd,INE947J01015,DEN.NS
Dhanuka Agritech Ltd,INE435G01025,DHANUKA.NS
Dilip Buildcon Ltd,INE917M01012,DBL.NS
Divi's Laboratories Ltd.,INE361B01024,DIVISLAB.NS
Dixon Technologies India Pvt Ltd,INE935N01012,DIXON.NS
DLF Ltd,INE271C01023,DLF.NS
Dr. Lal Path Labs Ltd.,INE600L01024,LALPATHLAB.NS
Dr. Reddy's Laboratories,INE089A01023,DRREDDY.NS
eClerx Services Ltd,INE738I01010,ECLERX.NS
Edelweiss Financial Services Ltd.,INE532F01054,EDELWEISS.NS
Eicher Motors Ltd.,INE066A01013,EICHERMOT.BO
EID Parry India,INE126A01031,EIDPARRY.NS
EIH Ltd,INE230A01023,EIHOTEL.NS
ELGI Equipments Ltd,INE285A01027,ELGIEQUIP.NS
Emami Ltd,INE548C01032,EMAMILTD.NS
Endurance Technologies Cn Ltd,INE913H01037,ENDURANCE.NS
Engineers India Ltd.,INE510A01028,ENGINERSIN.NS
Equitas Holdings Ltd,INE988K01017,EQUITAS.NS
Eris Lifesciences Ltd,INE406M01024,ERIS.NS
ESAB India Ltd,INE284A01012,ESABINDIA.NS
Escorts Ltd,INE042A01014,ESCORTS.NS
Essel Propack ltd.,INE255A01020,EPL.NS
Exide Industries Ltd.,INE302A01020,EXIDEIND.NS
Fairchem Speciality Ltd,INE959A01019,PRIVISCL.BO
FDC Ltd.,INE258B01022,FDC.NS
The Federal Bank,INE171A01029,FEDERALBNK.NS
Federal-Mogul Goetze India Ltd,INE529A01010,FMGOETZE.NS
Fertilizers and Chemicals Travancore,INE188A01015,FACT.NS
Fine Organic Industries Ltd,INE686Y01026,FINEORG.NS
Finolex Cables Ltd.,INE235A01022,FINCABLES.NS
Finolex Industries Ltd.,INE183A01016,FINPIPE.NS
Firstsource Solutions Ltd.,INE684F01012,FSL.NS
Fortis Healthcare Ltd,INE061F01013,FORTIS.NS
Future Consumer Ltd,INE220J01025,FCONSUMER.NS
Future Lifestyle Fashions Ltd,INE452O01016,FLFL.NS
Future Retail Ltd,INE752P01024,FRETAIL.NS
GAIL (India),INE129A01019,GAIL.NS
Galaxy Surfactants Limited,INE600K01018,GALAXYSURF.NS
Garden Reach Shipbuilders & Engineers Ltd,INE382Z01011,GRSE.NS
Garware Technical Fibres,INE276A01018,GARFIBRES.NS
GE Power India Ltd,INE878A01011,GEPIL.NS
Ge T&D India Ltd,INE200A01026,GET&D.NS
General Insurance Corporation of India,INE481Y01014,GICRE.NS
Gillette India Ltd.,INE322A01010,GILLETTE.NS
GlaxoSmithkline Pharmaceuticals Ltd,INE159A01016,GLAXO.NS
Glenmark Pharmaceuticals Ltd,INE935A01035,GLENMARK.NS
GMM Pfaudler Ltd,INE541A01023,GMMPFAUDLR.NS
GMR Infrastructure Ltd,INE776C01039,GMRINFRA.NS
Godfrey Phillips India Ltd.,INE260B01028,GMRINFRA.NS
Godrej Agrovet Ltd,INE850D01014,GODREJAGRO.NS
Godrej Consumer Products Ltd.,INE102D01028,GODREJCP.NS
Godrej Industries Ltd.,INE233A01035,GODREJIND.NS
Godrej Properties Ltd,INE484J01027,GODREJPROP.NS
Granules India Ltd,INE101D01020,GRANULES.NS
Graphite India Ltd.,INE371A01025,GRAPHITE.BO
Grasim Industries Ltd,INE047A01021,GRASIM.NS
The Great Eastern Shipping Company,INE017A01032,GESHIP.NS
Greaves Cotton Ltd.,INE224A01026,GREAVESCOT.NS
Greenlam Industries,INE544R01013,GREENLAM.NS
Grindwell Norton Ltd,INE536A01023,GRINDWELL.NS
Gujarat Alkalies and Chemicals,INE186A01019,GUJALKALI.NS
Gujarat Ambuja Exports Ltd,INE036B01022,GAEL.BO
Gujarat Fluorochemicals Ltd.,INE09N301011,FLUOROCHEM.NS
Gujarat Gas Ltd,INE844O01030,GUJGASLTD.NS
Gujarat Narmada Valley Fertilizers and Chemicals,INE113A01013,GNFC.NS
Gujarat Pipavav Port Ltd,INE517F01014,GPPL.NS
Gujarat State Fertilizers & Chemicals,INE026A01025,GSFC.NS
Gujarat State Petronet Ltd.,INE246F01010,GSPL.NS
Gulf Oil Lubricants India Ltd,INE635Q01029,GULFOILLUB.NS
H.G. Infra Engineering,INE926X01010,HGINFRA.NS
Hathway Cable & Datacom Ltd,INE982F01036,HATHWAY.NS
Hatsun Agro Product Ltd,INE473B01035,HATSUN.NS
Havells India Ltd,INE176B01034,HAVELLS.NS
HCL Technologies Ltd,INE860A01027,HCLTECH.NS
Housing Development Finance Corporation Ltd,INE001A01036,HDFC.NS
HDFC Asset Management Company Ltd,INE127D01025,HDFCAMC.NS
HDFC Bank Ltd,INE040A01034,HDFCBANK.NS
HDFC Life Insurance Company Ltd,INE795G01014,HDFCLIFE.NS
HEG Ltd.,INE545A01016,HEG.NS
HeidelbergCement India Ltd,INE578A01017,HEIDELBERG.NS
Hero MotoCorp Ltd,INE158A01026,HEROMOTOCO.NS
HFCL Ltd,INE548A01028,HFCL.NS
Himadri Speciality Chemical Ltd,INE019C01026,HSCL.NS
Hindalco Industries Ltd.,INE038A01020,HINDALCO.NS
Hindustan Aeronautics Ltd,INE066F01012,HAL.NS
Hindustan Copper Ltd,INE531E01026,HINDCOPPER.NS
Hindustan Petroleum Corporation Ltd,INE094A01015,HINDPETRO.NS
Hindustan Unilever Ltd.,INE030A01027,HINDUNILVR.NS
Hindustan Zinc Ltd.,INE267A01025,HINDZINC.BO
Honeywell Automation India Ltd.,INE671A01010,HONAUT.NS
Housing & Urban Development Corporation,INE031A01017,HUDCO.NS
Huhtamaki PPL Ltd,INE275B01026,HUHTAMAKI.NS
ICICI Bank Ltd,INE090A01021,ICICIBANK.NS
ICICI Lombard General Insurance Company Ltd,INE765G01017,ICICIGI.NS
ICICI Prudential Life Insurance Company Ltd,INE726G01019,ICICIPRULI.NS
ICICI Securities Ltd,INE763G01038,ISEC.NS
ICRA Ltd,INE725G01011,ICRA.NS
IDBI Bank Ltd,INE008A01015,IDBI.NS
IDFC First Bank,INE092T01019,IDFCFIRSTB.NS
IDFC Ltd,INE043D01016,IDFC.NS
IIFL Finance,INE530B01024,IIFL.NS
Iifl Wealth Management,INE466L01020,IIFLWAM.NS
The India Cements,INE383A01012,INDIACEM.NS
Indiabulls Housing Finance Ltd,INE148I01020,IBULHSGFIN.NS
Indiabulls Real Estate Ltd,INE069I01010,IBREALEST.NS
Indiabulls Ventures Ltd,INE274G01010,DHANI.NS
IndiaMART InterMESH Ltd,INE933S01016,INDIAMART.NS
Indian Bank,INE562A01011,INDIANB.NS
Indian Energy Exchange Ltd,INE022Q01020,IEX.NS
Indian Oil Corporation Ltd,INE242A01010,IOC.NS
Indian Overseas Bank,INE565A01014,IOB.NS
Interglobe Aviation Ltd,INE646L01027,INDIGO.NS
Indoco Remedies Ltd,INE873D01024,INDOCO.NS
IndoStar Capital Finance Ltd,INE896L01010,INDOSTAR.NS
Indraprastha Gas Ltd,INE203G01027,IGL.NS
IndusInd Bank Ltd.,INE095A01012,INDUSINDBK.NS
Infibeam Avenues Ltd,INE483S01020,INFIBEAM.NS
Info Edge India Ltd,INE663F01024,NAUKRI.NS
HCL Infosystems Ltd,INE236A01020,INFY.NS
Ingersoll Rand (India),INE177A01018,INGERRAND.NS
Inox Leisure Ltd,INE312H01016,INOXLEISUR.NS
Ipca Laboratories Ltd.,INE571A01020,IPCALAB.NS
IRB Infrastructure Developers Ltd,INE821I01014,IRB.NS
Ircon International Ltd,INE962Y01013,IRCON.NS
Indian Railway Catering And Tourism Corporation,INE335Y01020,IRCTC.NS
ITC Ltd,INE154A01025,ITC.NS
India Tourism Development Corporation,INE353K01014,ITDC.NS
BF Utilities Ltd.,INE243D01012,BFUTILITIE.NS
Jagran Prakashan Ltd,INE199G01027,JAGRAN.NS
JB Chemicals & Pharmaceuticals,INE572A01028,JBCHEPHARM.NS
Jindal Saw Ltd.,INE324A01024,JINDALSAW.NS
Jindal Stainless Ltd,INE220G01021,JSL.NS
Jindal Steel & Power Ltd,INE749A01030,JINDALSTEL.NS
JK Cement,INE823G01014,JKCEMENT.NS
JK Lakshmi Cement Ltd,INE786A01032,JKLAKSHMI.NS
JK Paper Ltd,INE789E01012,JKPAPER.NS
JM Financial Ltd,INE780C01023,JMFINANCIL.NS
Johnson Controls - Hitachi Air Conditioning India,INE782A01015,JCHAC.NS
JSW Energy Ltd,INE121E01018,JSWENERGY.NS
JSW Holdings,INE824G01012,JSWHL.BO
JSW Steel Ltd,INE019A01038,JSWSTEEL.NS
Jubilant Foodworks Ltd,INE797F01012,JUBLFOOD.NS
Jubilant Life Sciences Ltd,INE700A01033,JUBLPHARMA.NS
Just Dial Ltd,INE599M01018,JUSTDIAL.NS
Jyothy Labs,INE668F01031,JYOTHYLAB.NS
K.P.R. Mill,INE930H01031,KPRMILL.NS
Kajaria Ceramics Ltd,INE217B01036,KAJARIACER.NS
Kalpataru Power Transmission Ltd.,INE220B01022,KALPATPOWR.NS
Kansai Nerolac Paints Ltd,INE531A01024,KANSAINER.NS
Karur Vysya Bank Ltd,INE036D01028,KARURVYSYA.NS
Kaveri Seed Company Ltd,INE455I01029,KSCL.NS
KEC International Ltd.,INE389H01022,KEC.NS
KEI Industries Ltd,INE878B01027,KEI.NS
KIOCL Ltd,INE880L01014,KIOCL.NS
Kirloskar Oil Engines Ltd,INE146L01010,KIRLOSENG.NS
KNR Constructions Ltd,INE634I01029,KNRCON.NS
Kotak Mahindra Bank Ltd.,INE237A01028,KOTAKBANK.NS
KRBL Ltd,INE001B01026,KRBL.NS
KSB Ltd,INE999A01015,KSB.NS
L&T Finance Holdings Ltd,INE498L01015,L&TFH.NS
L&T Technology Services Ltd,INE010V01017,LTTS.NS
La Opala RG Ltd,INE059D01020,LAOPALA.NS
Lakshmi Machine Works Ltd.,INE269B01029,LAXMIMACH.NS
Larsen & Toubro Ltd,INE018A01030,LT.NS
Larsen & Toubro Infotech Ltd,INE214T01019,LTI.NS
Laurus Labs Ltd,INE947Q01010,LAURUSLABS.BO
Lemon Tree Hotels,INE970X01018,LEMONTREE.NS
Lic Housing Finance Ltd.,INE115A01026,LICHSGFIN.NS
Linde India Ltd,INE473A01011,LINDEINDIA.NS
Lupin Ltd,INE326A01037,LUPIN.NS
Lux Industries Ltd,INE150G01020,LUXIND.NS
Mahanagar Gas Ltd,INE002S01010,MGL.NS
Maharashtra Scooters Ltd,INE288A01013,MAHSCOOTER.NS
Maharashtra Seamless Ltd.,INE271B01025,MAHSEAMLES.NS
Mahindra and Mahindra,INE101A01026,M&M.NS
Mahindra & Mahindra Financial Services,INE774D01024,M&MFIN.NS
Mahindra CIE Automotive Ltd,INE536H01010,MAHINDCIE.NS
Mahindra Holidays & Resorts India,INE998I01010,MHRIL.NS
Mahindra Logistics Ltd,INE766P01016,MAHLOG.NS
Manappuram Finance Ltd,INE522D01027,MANAPPURAM.NS
Marico Ltd,INE196A01026,MARICO.NS
Maruti Suzuki India Ltd.,INE585B01010,MARUTI.NS
MAS Financial Services Ltd,INE348L01012,MASFIN.NS
Max Financial Services Ltd,INE180A01020,MFSL.NS
Max India Ltd,INE153U01017,MAXINDIA.BO
Metropolis Healthcare Ltd,INE112L01020,METROPOLIS.NS
Minda Corporation Ltd,INE842C01021,MINDACORP.NS
Minda Industries Ltd,INE405E01023,MINDAIND.NS
MindTree Ltd,INE018I01017,MINDTREE.NS
Mishra Dhatu Nigam Ltd,INE099Z01011,MIDHANI.NS
MMTC Ltd,INE123F01029,MMTC.NS
MOIL Ltd,INE490G01020,MOIL.NS
Motherson Sumi Systems Ltd.,INE775A01035,MOTHERSUMI.NS
Motilal Oswal Financial Services Ltd,INE338I01027,MOTILALOFS.NS
Mphasis Ltd,INE356A01018,MPHASIS.NS
M.R.F. Ltd.,INE883A01011,MRF.NS
Mangalore Refinery and Petrochemicals Ltd,INE103A01014,MRPL.NS
Muthoot Finance Ltd,INE414G01012,MUTHOOTFIN.NS
National Aluminium Company Ltd,INE139A01034,NATIONALUM.NS
Narayana Hrudayalaya Ltd.,INE410P01011,NH.NS
Natco Pharma Ltd.,INE987B01026,NATCOPHARM.NS
Navin Fluorine International Ltd,INE048G01026,NAVINFLUOR.NS
Navneet Education Ltd,INE060A01024,NAVNETEDUL.NS
NBCC India Ltd,INE095N01031,NBCC.NS
NCC Ltd,INE868B01028,NCC.NS
Nesco Ltd,INE317F01035,NESCO.NS
Network18 Media & Investments,INE870H01013,NETWORK18.NS
NHPC Ltd,INE848E01016,NHPC.NS
NIIT Ltd.,INE161A01038,NIITLTD.NS
NIIT Technologies Ltd,INE591G01017,COFORGE.NS
Nilkamal Ltd,INE310A01015,NILKAMAL.NS
Nippon Life India Asset Management,INE298J01013,NAM-INDIA.NS
NLC India Ltd,INE589A01014,NLCINDIA.NS
NMDC Ltd,INE584A01023,NMDC.NS
NTPC Ltd,INE733E01010,NTPC.NS
Oberoi Realty Ltd,INE093I01010,OBEROIRLTY.NS
Oil & Natural Gas Corporation,INE213A01029,ONGC.NS
Oil India Ltd,INE274J01014,OIL.NS
Omaxe Ltd,INE800H01010,OMAXE.NS
Oracle Financial Services Software Ltd,INE881D01027,OFSS.NS
Orient Electric Ltd,INE142Z01019,ORIENTELEC.NS
Orient Refractories Ltd,INE743M01012,RHIM.NS
Page Industries Ltd.,INE761H01022,PAGEIND.NS
Persistent Systems Ltd,INE262H01013,PERSISTENT.NS
Petronet LNG Ltd,INE347G01014,PETRONET.NS
Pfizer Ltd.,INE182A01018,PFIZER.NS
The Phoenix Mills Ltd.,INE211B01039,PHOENIXLTD.NS
PI Industries Ltd,INE603J01030,PIIND.NS
Pidilite Industries Ltd.,INE318A01026,PIDILITIND.NS
Piramal Enterprises Ltd,INE140A01024,PEL.NS
PNB Housing Finance Ltd,INE572E01012,PNBHOUSING.NS
PNC Infratech Ltd,INE195J01029,PNCINFRA.NS
Poly Medicure,INE205C01021,POLYMED.NS
Polycab India Ltd,INE455K01017,POLYCAB.NS
Power Finance Corporation Ltd,INE134E01011,PFC.NS
Power Grid Corporation of India Ltd,INE752E01010,POWERGRID.NS
Prataap Snacks Ltd,INE393P01035,DIAMONDYD.NS
Prestige Estates Projects Ltd,INE811K01011,PRESTIGE.NS
Prince Pipes And Fittings,INE689W01016,PRINCEPIPE.NS
Prism Johnson Ltd,INE010A01011,PRSMJOHNSN.NS
Procter & Gamble Health Ltd,INE199A01012,PGHL.NS
Procter & Gamble Hygiene and Health Care Ltd,INE179A01014,PGHH.NS
Psp Projects Ltd,INE488V01015,PSPPROJECT.NS
PTC India Ltd,INE877F01012,PTC.NS
Punjab National Bank,INE160A01022,PNB.NS
PVR Ltd,INE191H01014,PVR.NS
Quess Corp Ltd,INE615P01015,QUESS.NS
Radico Khaitan Ltd.,INE944F01028,RADICO.NS
Rail Vikas Nigam Ltd,INE415G01027,RVNL.NS
Rain Industries Ltd,INE855B01025,RAIN.NS
Rajesh Exports Ltd.,INE343B01030,RAJESHEXPO.NS
Rallis India Ltd,INE613A01020,RALLIS.NS
The Ramco Cements Ltd,INE331A01037,RAMCOCEM.NS
Rashtriya Chemicals and Fertilizers Ltd,INE027A01015,RCF.NS
Ratnamani Metals & Tubes,INE703B01027,RATNAMANI.NS
Raymond Ltd,INE301A01014,RAYMOND.NS
RBL Bank Ltd,INE976G01028,RBLBANK.NS
REC Ltd,INE020B01018,RECLTD.NS
Redington India Ltd,INE891D01026,REDINGTON.NS
Relaxo Footwears Ltd,INE131B01039,RELAXO.NS
Reliance Industries Ltd,INE002A01018,RELIANCE.NS
Responsive Industries Ltd,INE688D01026,RESPONIND.NS
RITES Ltd,INE320J01015,RITES.NS
Sanofi India Ltd,INE058A01010,SANOFI.NS
SBI Cards and Payment Services,INE018E01016,SBICARD.NS
SBI Life Insurance Company Ltd,INE123W01016,SBILIFE.NS
Schaeffler India Ltd,INE513A01014,SCHAEFFLER.NS
Schneider Electric Infrastructure Ltd,INE839M01018,SCHNEIDER.NS
SeQuent Scientific Ltd,INE807F01027,SEQUENT.NS
Sheela Foam Ltd,INE916U01025,SFL.NS
Shilpa Medicare Ltd,INE790G01031,SHILPAMED.NS
Shipping Corporation Of India Ltd,INE109A01011,SCI.NS
Shoppers Stop Ltd,INE498B01024,SHOPERSTOP.NS
SHREE CEMENT LIMITED,INE070A01015,SHREECEM.NS
Shriram City Union Finance,INE722A01011,SHRIRAMCIT.NS
Shriram Transport Finance Company,INE721A01013,SRTRANSFIN.NS
Siemens Ltd,INE003A01024,SIEMENS.NS
Security and Intelligence Services INDIA Ltd,INE285J01010,SIS.BO
SJVN Ltd,INE002L01015,SJVN.NS
SKF India Ltd,INE640A01023,SKFINDIA.NS
Sobha Developers Ltd.,INE671H01015,SOBHA.NS
Solar Industries India Ltd,INE343H01029,SOLARINDS.NS
Solara Active Pharma Sciences Ltd,INE624Z01016,SOLARA.NS
Sonata Software Ltd,INE269A01021,SONATSOFTW.NS
Spandana Sphoorty Financial Ltd BO,INE572J01011,SPANDANA.NS
SRF Ltd,INE647A01010,SRF.NS
Star Cement Ltd,INE460H01021,STARCEMENT.NS
State Bank Of India,INE062A01020,SBIN.NS
Steel Authority of India Ltd.,INE114A01011,SAIL.NS
Sterling and Wilson Solar Ltd BO,INE00M201021,SWSOLAR.NS
Sterlite Technologies Ltd,INE089C01029,STLTECH.NS
Strides Pharma Science Ltd,INE939A01011,STAR.NS
Sudarshan Chemical Industries Ltd,INE659A01023,SUDARSCHEM.NS
Sumitomo Chemical India,INE258G01013,SUMICHEM.NS
Sun Pharmaceutical Industries Ltd.,INE044A01036,SUNPHARMA.NS
Sun Pharma Advanced Research Company Ltd,INE232I01014,SPARC.NS
Sun TV Network Ltd,INE424H01027,SUNTV.NS
Sundaram Clayton Ltd,INE105A01035,SUNCLAYLTD.NS
Sundaram Finance Ltd,INE660A01013,SUNDARMFIN.NS
Sundram Fasteners Ltd,INE387A01021,SUNDRMFAST.NS
Sunteck Realty Ltd,INE805D01034,SUNTECK.NS
Suprajit Engineering Ltd,INE399C01030,SUPRAJIT.NS
Supreme Industries Ltd.,INE195A01028,SUPREMEIND.NS
Supreme Petrochem Ltd,INE663A01017,SUPPETRO.NS
Suven Pharmaceuticals,INE03QK01018,SUVENPHAR.NS
Swan Energy Ltd,INE665A01038,SWANENERGY.NS
Symphony Ltd,INE225D01027,SYMPHONY.NS
Syngene International Ltd,INE398R01022,SYNGENE.NS
Tasty Bite Eatables Ltd,INE488B01017,TASTYBITE.NS
Tata Chemicals Ltd,INE092A01019,TATACHEM.NS
Tata Communications Limited,INE151A01013,TATACOMM.NS
Tata Consultancy Services Ltd.,INE467B01029,TCS.NS
TATA CONSUMER PRODUCTS LIMITED,INE192A01025,TATACONSUM.NS
Tata Elxsi Ltd,INE670A01012,TATAELXSI.NS
Tata Investment Corporation Ltd.,INE672A01018,TATAINVEST.NS
Tata Motors Ltd,INE155A01022,TATAMOTORS.NS
Tata Power Company,INE245A01021,TATAPOWER.NS
Tata Steel BSL Ltd,INE824B01021,TATASTEEL.NS
Tata Steel BSL Ltd,INE824B01021,TATASTEEL.NS
TCI Express Ltd,INE586V01016,TCIEXP.NS
TCNS Clothing Co Ltd,INE778U01029,TCNSBRANDS.NS
Teamlease Services Ltd,INE985S01024,TEAMLEASE.NS
Tech Mahindra Ltd,INE669C01036,TECHM.NS
Techno Electric & Engineering Company Ltd,INE285K01026,TECHNOE.NS
The Indian Hotels Company,INE053A01029,INDHOTEL.NS
The Karnataka Bank,INE614B01018,KTKBANK.NS
The New India Assurance Company,INE470Y01017,NIACL.NS
Thermax Ltd.,INE152A01029,THERMAX.NS
Thyrocare Technologies Ltd,INE594H01019,THYROCARE.NS
Tide Water Oil Company (India),INE484C01030,TIDEWATER.NS
Timken India Ltd,INE325A01013,TIMKEN.NS
Titan Company Ltd,INE280A01028,TITAN.NS
Torrent Pharmaceuticals Ltd.,INE685A01028,TORNTPHARM.NS
Torrent Power Ltd,INE813H01021,TORNTPOWER.NS
Transport Corporation of India Ltd,INE688A01022,TCI.NS
Trent Ltd,INE849A01020,TRENT.NS
Trident Ltd,INE064C01014,TRIDENT.BO
Triveni Turbine Ltd,INE152M01016,TRITURBINE.NS
TTK Prestige Ltd.,INE690A01010,TTKPRESTIG.NS
Tube Investments of India Ltd,INE974X01010,TIINDIA.NS
TV18 Broadcast Ltd.,INE886H01027,TV18BRDCST.NS
TVS Motor Company Ltd.,INE494B01023,TVSMOTOR.NS
UCO Bank,INE691A01018,UCOBANK.NS
Ujjivan Small Finance Bank,INE551W01018,UJJIVANSFB.NS
Ujjivan Financial Services Ltd,INE334L01012,UJJIVAN.NS
UltraTech Cement Ltd,INE481G01011,ULTRACEMCO.NS
Union Bank of India Ltd,INE692A01016,UNIONBANK.NS
United Breweries Ltd.,INE686F01025,UBL.NS
United Spirits Ltd,INE854D01024,MCDOWELL-N.NS
UPL Ltd,INE628A01036,UPL.NS
V-Guard Industries,INE951I01019,VGUARD.NS
V-mart Retail Ltd,INE665J01013,VMART.NS
Vaibhav Global Ltd,INE884A01019,VAIBHAVGBL.NS
Vakrangee Softwares Ltd.,INE051B01021,VAKRANGEE.NS
Vardhman Textiles Ltd,INE825A01012,VTL.NS
Varroc Engineering Ltd,INE665L01035,VARROC.NS
Varun Beverages Ltd,INE200M01013,VBL.NS
Vedanta Ltd,INE205A01025,VEDL.NS
Venky's (India),INE398A01010,VENKEYS.NS
Vesuvius India Ltd,INE386A01015,VESUVIUS.NS
Vinati Organics Ltd,INE410B01029,VINATIORGA.BO
VIP Industries Ltd,INE054A01027,VIPIND.NS
Vodafone Idea Ltd,INE669E01016,IDEA.NS
Voltas Ltd.,INE226A01021,VOLTAS.NS
VRL Logistics Ltd,INE366I01010,VRLLOG.NS
VST Industries Ltd.,INE710A01016,VSTIND.NS
WABCO India Ltd,INE342J01019,WABCOINDIA.BO
Welspun Corp Ltd,INE191B01025,WELCORP.NS
Welspun India Ltd,INE192B01031,WELSPUNIND.NS
Whirlpool of India Ltd,INE716A01013,WHIRLPOOL.NS
Wipro Ltd,INE075A01022,WIPRO.NS
Wockhardt Ltd,INE049B01025,WOCKPHARMA.NS
Yes Bank Ltd,INE528G01027,YESBANK.NS
Zee Entertainment Enterprises Ltd.,INE256A01028,ZEEL.NS
Zensar Technologies Ltd,INE520A01027,ZENSARTECH.NS
Zydus Wellness Ltd,INE768C01010,ZYDUSWELL.NS